Name,Date,Site,Transect,Aux3,Aux4,Aux5,Height (cm),Latitude,Longitude,Depth,Camera,Photographer,Water quality,Strobes,Framing gear used,White balance card,Comments
G0493646.JPG,5/25/2016,1,1,,,,30, ,,51,,,,,,,
G0493647.JPG,5/25/2016,1,1,,,,30, ,,51,,,,,,,
G0493649.JPG,5/25/2016,1,1,,,,30, ,,51,,,,,,,
G0493650.JPG,5/25/2016,1,1,,,,30, ,,51,,,,,,,
G0493651.JPG,5/25/2016,1,1,,,,30, ,,51,,,,,,,
G0493653.JPG,5/25/2016,1,1,,,,30, ,,51,,,,,,,
G0493654.JPG,5/25/2016,1,1,,,,30, ,,51,,,,,,,
G0493662.JPG,5/25/2016,1,1,,,,30, ,,51,,,,,,,
G0493664.JPG,5/25/2016,1,1,,,,30, ,,51,,,,,,,
G0493665.JPG,5/25/2016,1,1,,,,30, ,,51,,,,,,,
G0493675.JPG,5/25/2016,1,1,,,,30, ,,51,,,,,,,
G0503678.JPG,5/25/2016,1,2,,,,30,,,51,,,,,,,
G0503682.JPG,5/25/2016,1,2,,,,30,,,51,,,,,,,
G0503685.JPG,5/25/2016,1,2,,,,30,,,51,,,,,,,
G0503686.JPG,5/25/2016,1,2,,,,30,,,51,,,,,,,
G0503687.JPG,5/25/2016,1,2,,,,30,,,51,,,,,,,
G0503691.JPG,5/25/2016,1,2,,,,30,,,51,,,,,,,
G0503692.JPG,5/25/2016,1,2,,,,30,,,51,,,,,,,
G0503693.JPG,5/25/2016,1,2,,,,30,,,51,,,,,,,
G0503694.JPG,5/25/2016,1,2,,,,30,,,51,,,,,,,
G0503695.JPG,5/25/2016,1,2,,,,30,,,51,,,,,,,
G0513716.JPG,5/25/2016,1,3,,,,30,,,51,,,,,,,
G0513717.JPG,5/25/2016,1,3,,,,30,,,51,,,,,,,
G0513718.JPG,5/25/2016,1,3,,,,30,,,51,,,,,,,
G0513720.JPG,5/25/2016,1,3,,,,30,,,51,,,,,,,
G0513721.JPG,5/25/2016,1,3,,,,30,,,51,,,,,,,
G0513722.JPG,5/25/2016,1,3,,,,30,,,51,,,,,,,
G0513738.JPG,5/25/2016,1,3,,,,30,,,51,,,,,,,
G0513740.JPG,5/25/2016,1,3,,,,30,,,51,,,,,,,
G0513741.JPG,5/25/2016,1,3,,,,30,,,51,,,,,,,
G0513742.JPG,5/25/2016,1,3,,,,30,,,51,,,,,,,
G0523760.JPG,5/25/2016,1,4,,,,30,,,51,,,,,,,
G0523762.JPG,5/25/2016,1,4,,,,30,,,51,,,,,,,
G0523765.JPG,5/25/2016,1,4,,,,30,,,51,,,,,,,
G0523766.JPG,5/25/2016,1,4,,,,30,,,51,,,,,,,
G0523770.JPG,5/25/2016,1,4,,,,30,,,51,,,,,,,
G0523771.JPG,5/25/2016,1,4,,,,30,,,51,,,,,,,
G0523775.JPG,5/25/2016,1,4,,,,30,,,51,,,,,,,
G0523777.JPG,5/25/2016,1,4,,,,30,,,51,,,,,,,
G0523779.JPG,5/25/2016,1,4,,,,30,,,51,,,,,,,
G0523786.JPG,5/25/2016,1,4,,,,30,,,51,,,,,,,
G0533790.JPG,5/25/2016,1,5,,,,30,,,51,,,,,,,
G0533791.JPG,5/25/2016,1,5,,,,30,,,51,,,,,,,
G0533792.JPG,5/25/2016,1,5,,,,30,,,51,,,,,,,
G0533794.JPG,5/25/2016,1,5,,,,30,,,51,,,,,,,
G0533795.JPG,5/25/2016,1,5,,,,30,,,51,,,,,,,
G0533796.JPG,5/25/2016,1,5,,,,30,,,51,,,,,,,
G0533806.JPG,5/25/2016,1,5,,,,30,,,51,,,,,,,
G0533807.JPG,5/25/2016,1,5,,,,30,,,51,,,,,,,
G0533811.JPG,5/25/2016,1,5,,,,30,,,51,,,,,,,
G0533819.JPG,5/25/2016,1,5,,,,30,,,51,,,,,,,
G0604018.JPG,5/27/2016,2,1,,,,30,,,23,,,,,,,
G0604019.JPG,5/27/2016,2,1,,,,30,,,23,,,,,,,
G0604020.JPG,5/27/2016,2,1,,,,30,,,23,,,,,,,
G0604023.JPG,5/27/2016,2,1,,,,30,,,23,,,,,,,
G0604024.JPG,5/27/2016,2,1,,,,30,,,23,,,,,,,
G0604025.JPG,5/27/2016,2,1,,,,30,,,23,,,,,,,
G0604026.JPG,5/27/2016,2,1,,,,30,,,23,,,,,,,
G0604030.JPG,5/27/2016,2,1,,,,30,,,23,,,,,,,
G0614037.JPG,5/27/2016,2,1,,,,30,,,23,,,,,,,
G0614038.JPG,5/27/2016,2,1,,,,30,,,23,,,,,,,
G0624046.JPG,5/27/2016,2,2,,,,30,,,23,,,,,,,
G0624048.JPG,5/27/2016,2,2,,,,30,,,23,,,,,,,
G0624050.JPG,5/27/2016,2,2,,,,30,,,23,,,,,,,
G0624052.JPG,5/27/2016,2,2,,,,30,,,23,,,,,,,
G0624058.JPG,5/27/2016,2,2,,,,30,,,23,,,,,,,
G0624063.JPG,5/27/2016,2,2,,,,30,,,23,,,,,,,
G0624064.JPG,5/27/2016,2,2,,,,30,,,23,,,,,,,
G0624066.JPG,5/27/2016,2,2,,,,30,,,23,,,,,,,
G0624067.JPG,5/27/2016,2,2,,,,30,,,23,,,,,,,
G0624068.JPG,5/27/2016,2,2,,,,30,,,23,,,,,,,
G0624069.JPG,5/27/2016,2,2,,,,30,,,23,,,,,,,
G0634082.JPG,5/27/2016,2,3,,,,30,,,23,,,,,,,
G0634084.JPG,5/27/2016,2,3,,,,30,,,23,,,,,,,
G0634086.JPG,5/27/2016,2,3,,,,30,,,23,,,,,,,
G0634088.JPG,5/27/2016,2,3,,,,30,,,23,,,,,,,
G0634090.JPG,5/27/2016,2,3,,,,30,,,23,,,,,,,
G0634093.JPG,5/27/2016,2,3,,,,30,,,23,,,,,,,
G0634097.JPG,5/27/2016,2,3,,,,30,,,23,,,,,,,
G0634102.JPG,5/27/2016,2,3,,,,30,,,23,,,,,,,
G0634105.JPG,5/27/2016,2,3,,,,30,,,23,,,,,,,
G0634107.JPG,5/27/2016,2,3,,,,30,,,23,,,,,,,
G0644114.JPG,5/27/2016,2,4,,,,30,,,23,,,,,,,
G0644117.JPG,5/27/2016,2,4,,,,30,,,23,,,,,,,
G0644120.JPG,5/27/2016,2,4,,,,30,,,23,,,,,,,
G0644123.JPG,5/27/2016,2,4,,,,30,,,23,,,,,,,
G0644126.JPG,5/27/2016,2,4,,,,30,,,23,,,,,,,
G0644129.JPG,5/27/2016,2,4,,,,30,,,23,,,,,,,
G0644132.JPG,5/27/2016,2,4,,,,30,,,23,,,,,,,
G0644137.JPG,5/27/2016,2,4,,,,30,,,23,,,,,,,
G0644139.JPG,5/27/2016,2,4,,,,30,,,23,,,,,,,
G0644142.JPG,5/27/2016,2,4,,,,30,,,23,,,,,,,
G0654146.JPG,5/30/2016,3,1,,,,30,,,45,,,,,,,
G0654150.JPG,5/30/2016,3,1,,,,30,,,45,,,,,,,
G0654154.JPG,5/30/2016,3,1,,,,30,,,45,,,,,,,
G0654159.JPG,5/30/2016,3,1,,,,30,,,45,,,,,,,
G0654161.JPG,5/30/2016,3,1,,,,30,,,45,,,,,,,
G0654164.JPG,5/30/2016,3,1,,,,30,,,45,,,,,,,
G0654168.JPG,5/30/2016,3,1,,,,30,,,45,,,,,,,
G0654170.JPG,5/30/2016,3,1,,,,30,,,45,,,,,,,
G0654175.JPG,5/30/2016,3,1,,,,30,,,45,,,,,,,
G0654182.JPG,5/30/2016,3,1,,,,30,,,45,,,,,,,
G0664188.JPG,5/30/2016,3,2,,,,30,,,45,,,,,,,
G0664190.JPG,5/30/2016,3,2,,,,30,,,45,,,,,,,
G0664194.JPG,5/30/2016,3,2,,,,30,,,45,,,,,,,
G0664196.JPG,5/30/2016,3,2,,,,30,,,45,,,,,,,
G0664199.JPG,5/30/2016,3,2,,,,30,,,45,,,,,,,
G0664204.JPG,5/30/2016,3,2,,,,30,,,45,,,,,,,
G0664208.JPG,5/30/2016,3,2,,,,30,,,45,,,,,,,
G0664213.JPG,5/30/2016,3,2,,,,30,,,45,,,,,,,
G0664216.JPG,5/30/2016,3,2,,,,30,,,45,,,,,,,
G0664218.JPG,5/30/2016,3,2,,,,30,,,45,,,,,,,
G0674222.JPG,5/30/2016,3,3,,,,30,,,45,,,,,,,
G0674226.JPG,5/30/2016,3,3,,,,30,,,45,,,,,,,
G0674229.JPG,5/30/2016,3,3,,,,30,,,45,,,,,,,
G0674232.JPG,5/30/2016,3,3,,,,30,,,45,,,,,,,
G0674236.JPG,5/30/2016,3,3,,,,30,,,45,,,,,,,
G0674241.JPG,5/30/2016,3,3,,,,30,,,45,,,,,,,
G0674244.JPG,5/30/2016,3,3,,,,30,,,45,,,,,,,
G0674247.JPG,5/30/2016,3,3,,,,30,,,45,,,,,,,
G0674250.JPG,5/30/2016,3,3,,,,30,,,45,,,,,,,
G0674254.JPG,5/30/2016,3,3,,,,30,,,45,,,,,,,
G0684260.JPG,5/30/2016,3,4,,,,30,,,45,,,,,,,
G0684263.JPG,5/30/2016,3,4,,,,30,,,45,,,,,,,
G0684266.JPG,5/30/2016,3,4,,,,30,,,45,,,,,,,
G0684269.JPG,5/30/2016,3,4,,,,30,,,45,,,,,,,
G0684272.JPG,5/30/2016,3,4,,,,30,,,45,,,,,,,
G0684275.JPG,5/30/2016,3,4,,,,30,,,45,,,,,,,
G0684278.JPG,5/30/2016,3,4,,,,30,,,45,,,,,,,
G0684281.JPG,5/30/2016,3,4,,,,30,,,45,,,,,,,
G0684284.JPG,5/30/2016,3,4,,,,30,,,45,,,,,,,
G0684287.JPG,5/30/2016,3,4,,,,30,,,45,,,,,,,
G0694293.JPG,5/31/2016,4,1,,,,30,,,27,,,,,,,
G0694296.JPG,5/31/2016,4,1,,,,30,,,27,,,,,,,
G0694300.JPG,5/31/2016,4,1,,,,30,,,27,,,,,,,
G0694303.JPG,5/31/2016,4,1,,,,30,,,27,,,,,,,
G0694307.JPG,5/31/2016,4,1,,,,30,,,27,,,,,,,
G0694312.JPG,5/31/2016,4,1,,,,30,,,27,,,,,,,
G0694315.JPG,5/31/2016,4,1,,,,30,,,27,,,,,,,
G0694319.JPG,5/31/2016,4,1,,,,30,,,27,,,,,,,
G0694323.JPG,5/31/2016,4,1,,,,30,,,27,,,,,,,
G0694327.JPG,5/31/2016,4,1,,,,30,,,27,,,,,,,
G0704331.JPG,5/31/2016,4,2,,,,30,,,27,,,,,,,
G0704335.JPG,5/31/2016,4,2,,,,30,,,27,,,,,,,
G0704338.JPG,5/31/2016,4,2,,,,30,,,27,,,,,,,
G0704343.JPG,5/31/2016,4,2,,,,30,,,27,,,,,,,
G0704347.JPG,5/31/2016,4,2,,,,30,,,27,,,,,,,
G0704351.JPG,5/31/2016,4,2,,,,30,,,27,,,,,,,
G0704354.JPG,5/31/2016,4,2,,,,30,,,27,,,,,,,
G0704357.JPG,5/31/2016,4,2,,,,30,,,27,,,,,,,
G0704361.JPG,5/31/2016,4,2,,,,30,,,27,,,,,,,
G0704364.JPG,5/31/2016,4,2,,,,30,,,27,,,,,,,
G0714370.JPG,5/31/2016,4,3,,,,30,,,27,,,,,,,
G0714376.JPG,5/31/2016,4,3,,,,30,,,27,,,,,,,
G0714379.JPG,5/31/2016,4,3,,,,30,,,27,,,,,,,
G0714383.JPG,5/31/2016,4,3,,,,30,,,27,,,,,,,
G0714388.JPG,5/31/2016,4,3,,,,30,,,27,,,,,,,
G0714393.JPG,5/31/2016,4,3,,,,30,,,27,,,,,,,
G0714397.JPG,5/31/2016,4,3,,,,30,,,27,,,,,,,
G0714400.JPG,5/31/2016,4,3,,,,30,,,27,,,,,,,
G0714405.JPG,5/31/2016,4,3,,,,30,,,27,,,,,,,
G0714413.JPG,5/31/2016,4,3,,,,30,,,27,,,,,,,
G0724421.JPG,5/31/2016,4,4,,,,30,,,27,,,,,,,
G0724425.JPG,5/31/2016,4,4,,,,30,,,27,,,,,,,
G0724429.JPG,5/31/2016,4,4,,,,30,,,27,,,,,,,
G0724434.JPG,5/31/2016,4,4,,,,30,,,27,,,,,,,
G0724440.JPG,5/31/2016,4,4,,,,30,,,27,,,,,,,
G0724443.JPG,5/31/2016,4,4,,,,30,,,27,,,,,,,
G0724446.JPG,5/31/2016,4,4,,,,30,,,27,,,,,,,
G0724454.JPG,5/31/2016,4,4,,,,30,,,27,,,,,,,
G0724457.JPG,5/31/2016,4,4,,,,30,,,27,,,,,,,
G0724463.JPG,5/31/2016,4,4,,,,30,,,27,,,,,,,
G0734471.JPG,06-01-16,5,1,,,,30,,,30,,,,,,,
G0734475.JPG,06-01-16,5,1,,,,30,,,30,,,,,,,
G0734479.JPG,06-01-16,5,1,,,,30,,,30,,,,,,,
G0734483.JPG,06-01-16,5,1,,,,30,,,30,,,,,,,
G0734487.JPG,06-01-16,5,1,,,,30,,,30,,,,,,,
G0734496.JPG,06-01-16,5,1,,,,30,,,30,,,,,,,
G0734499.JPG,06-01-16,5,1,,,,30,,,30,,,,,,,
G0734503.JPG,06-01-16,5,1,,,,30,,,30,,,,,,,
G0734506.JPG,06-01-16,5,1,,,,30,,,30,,,,,,,
G0734510.JPG,06-01-16,5,1,,,,30,,,30,,,,,,,
G0744515.JPG,06-01-16,5,2,,,,30,,,30,,,,,,,
G0744518.JPG,06-01-16,5,2,,,,30,,,30,,,,,,,
G0754522.JPG,06-01-16,5,2,,,,30,,,30,,,,,,,
G0754525.JPG,06-01-16,5,2,,,,30,,,30,,,,,,,
G0754530.JPG,06-01-16,5,2,,,,30,,,30,,,,,,,
G0754533.JPG,06-01-16,5,2,,,,30,,,30,,,,,,,
G0754539.JPG,06-01-16,5,2,,,,30,,,30,,,,,,,
G0754543.JPG,06-01-16,5,2,,,,30,,,30,,,,,,,
G0754546.JPG,06-01-16,5,2,,,,30,,,30,,,,,,,
G0754552.JPG,06-01-16,5,2,,,,30,,,30,,,,,,,
G0754554.JPG,06-01-16,5,2,,,,30,,,30,,,,,,,
G0764566.JPG,06-01-16,5,3,,,,30,,,30,,,,,,,
G0764569.JPG,06-01-16,5,3,,,,30,,,30,,,,,,,
G0764574.JPG,06-01-16,5,3,,,,30,,,30,,,,,,,
G0764581.JPG,06-01-16,5,3,,,,30,,,30,,,,,,,
G0764584.JPG,06-01-16,5,3,,,,30,,,30,,,,,,,
G0764588.JPG,06-01-16,5,3,,,,30,,,30,,,,,,,
G0764592.JPG,06-01-16,5,3,,,,30,,,30,,,,,,,
G0764596.JPG,06-01-16,5,3,,,,30,,,30,,,,,,,
G0764600.JPG,06-01-16,5,3,,,,30,,,30,,,,,,,
G0764603.JPG,06-01-16,5,3,,,,30,,,30,,,,,,,
G1066054.JPG,6/13/2016,5,4,,,,30,,,27,,,,,,,
G1066057.JPG,6/13/2016,5,4,,,,30,,,27,,,,,,,
G1066069.JPG,6/13/2016,5,4,,,,30,,,27,,,,,,,
G1066074.JPG,6/13/2016,5,4,,,,30,,,27,,,,,,,
G1066080.JPG,6/13/2016,5,4,,,,30,,,27,,,,,,,
G1066084.JPG,6/13/2016,5,4,,,,30,,,27,,,,,,,
G1066088.JPG,6/13/2016,5,4,,,,30,,,27,,,,,,,
G1066095.JPG,6/13/2016,5,4,,,,30,,,27,,,,,,,
G1066100.JPG,6/13/2016,5,4,,,,30,,,27,,,,,,,
G1066103.JPG,6/13/2016,5,4,,,,30,,,27,,,,,,,
G1076112.JPG,6/13/2016,5,5,,,,30,,,27,,,,,,,
G1076118.JPG,6/13/2016,5,5,,,,30,,,27,,,,,,,
G1076121.JPG,6/13/2016,5,5,,,,30,,,27,,,,,,,
G1076125.JPG,6/13/2016,5,5,,,,30,,,27,,,,,,,
G1076134.JPG,6/13/2016,5,5,,,,30,,,27,,,,,,,
G1076141.JPG,6/13/2016,5,5,,,,30,,,27,,,,,,,
G1076149.JPG,6/13/2016,5,5,,,,30,,,27,,,,,,,
G1076155.JPG,6/13/2016,5,5,,,,30,,,27,,,,,,,
G1076161.JPG,6/13/2016,5,5,,,,30,,,27,,,,,,,
G1076167.JPG,6/13/2016,5,5,,,,30,,,27,,,,,,,
G1086178.JPG,6/13/2016,5,6,,,,30,,,27,,,,,,,
G1086188.JPG,6/13/2016,5,6,,,,30,,,27,,,,,,,
G1086196.JPG,6/13/2016,5,6,,,,30,,,27,,,,,,,
G1086199.JPG,6/13/2016,5,6,,,,30,,,27,,,,,,,
G1086204.JPG,6/13/2016,5,6,,,,30,,,27,,,,,,,
G1086209.JPG,6/13/2016,5,6,,,,30,,,27,,,,,,,
G1096214.JPG,6/13/2016,5,6,,,,30,,,27,,,,,,,
G1096224.JPG,6/13/2016,5,6,,,,30,,,27,,,,,,,
G1096228.JPG,6/13/2016,5,6,,,,30,,,27,,,,,,,
G1096232.JPG,6/13/2016,5,6,,,,30,,,27,,,,,,,
G0774615.JPG,06-02-16,6,1,,,,30,,,35,,,,,,,
G0774619.JPG,06-02-16,6,1,,,,30,,,35,,,,,,,
G0774621.JPG,06-02-16,6,1,,,,30,,,35,,,,,,,
G0774626.JPG,06-02-16,6,1,,,,30,,,35,,,,,,,
G0774629.JPG,06-02-16,6,1,,,,30,,,35,,,,,,,
G0774633.JPG,06-02-16,6,1,,,,30,,,35,,,,,,,
G0774638.JPG,06-02-16,6,1,,,,30,,,35,,,,,,,
G0774641.JPG,06-02-16,6,1,,,,30,,,35,,,,,,,
G0774645.JPG,06-02-16,6,1,,,,30,,,35,,,,,,,
G0774649.JPG,06-02-16,6,1,,,,30,,,35,,,,,,,
G0784656.JPG,06-02-16,6,2,,,,30,,,35,,,,,,,
G0784662.JPG,06-02-16,6,2,,,,30,,,35,,,,,,,
G0784666.JPG,06-02-16,6,2,,,,30,,,35,,,,,,,
G0784670.JPG,06-02-16,6,2,,,,30,,,35,,,,,,,
G0784675.JPG,06-02-16,6,2,,,,30,,,35,,,,,,,
G0794681.JPG,06-02-16,6,2,,,,30,,,35,,,,,,,
G0794684.JPG,06-02-16,6,2,,,,30,,,35,,,,,,,
G0794687.JPG,06-02-16,6,2,,,,30,,,35,,,,,,,
G0794690.JPG,06-02-16,6,2,,,,30,,,35,,,,,,,
G0794696.JPG,06-02-16,6,2,,,,30,,,35,,,,,,,
G0804708.JPG,06-02-16,6,3,,,,30,,,35,,,,,,,
G0804711.JPG,06-02-16,6,3,,,,30,,,35,,,,,,,
G0804715.JPG,06-02-16,6,3,,,,30,,,35,,,,,,,
G0804719.JPG,06-02-16,6,3,,,,30,,,35,,,,,,,
G0804722.JPG,06-02-16,6,3,,,,30,,,35,,,,,,,
G0804725.JPG,06-02-16,6,3,,,,30,,,35,,,,,,,
G0804729.JPG,06-02-16,6,3,,,,30,,,35,,,,,,,
G0804733.JPG,06-02-16,6,3,,,,30,,,35,,,,,,,
G0804735.JPG,06-02-16,6,3,,,,30,,,35,,,,,,,
G0804738.JPG,06-02-16,6,3,,,,30,,,35,,,,,,,
G0804744.JPG,06-02-16,6,3,,,,30,,,35,,,,,,,
G0814749.JPG,06-02-16,6,4,,,,30,,,35,,,,,,,
G0814756.JPG,06-02-16,6,4,,,,30,,,35,,,,,,,
G0814760.JPG,06-02-16,6,4,,,,30,,,35,,,,,,,
G0814764.JPG,06-02-16,6,4,,,,30,,,35,,,,,,,
G0814768.JPG,06-02-16,6,4,,,,30,,,35,,,,,,,
G0814772.JPG,06-02-16,6,4,,,,30,,,35,,,,,,,
G0814778.JPG,06-02-16,6,4,,,,30,,,35,,,,,,,
G0814782.JPG,06-02-16,6,4,,,,30,,,35,,,,,,,
G0814785.JPG,06-02-16,6,4,,,,30,,,35,,,,,,,
G0814788.JPG,06-02-16,6,4,,,,30,,,35,,,,,,,
G0824792.JPG,06-05-16,7,1,,,,30,,,50,,,,,,,
G0824797.JPG,06-05-16,7,1,,,,30,,,50,,,,,,,
G0824800.JPG,06-05-16,7,1,,,,30,,,50,,,,,,,
G0824804.JPG,06-05-16,7,1,,,,30,,,50,,,,,,,
G0824808.JPG,06-05-16,7,1,,,,30,,,50,,,,,,,
G0824812.JPG,06-05-16,7,1,,,,30,,,50,,,,,,,
G0824815.JPG,06-05-16,7,1,,,,30,,,50,,,,,,,
G0824818.JPG,06-05-16,7,1,,,,30,,,50,,,,,,,
G0824821.JPG,06-05-16,7,1,,,,30,,,50,,,,,,,
G0824825.JPG,06-05-16,7,1,,,,30,,,50,,,,,,,
G0834831.JPG,06-05-16,7,2,,,,30,,,50,,,,,,,
G0834836.JPG,06-05-16,7,2,,,,30,,,50,,,,,,,
G0834841.JPG,06-05-16,7,2,,,,30,,,50,,,,,,,
G0834844.JPG,06-05-16,7,2,,,,30,,,50,,,,,,,
G0834851.JPG,06-05-16,7,2,,,,30,,,50,,,,,,,
G0834854.JPG,06-05-16,7,2,,,,30,,,50,,,,,,,
G0834860.JPG,06-05-16,7,2,,,,30,,,50,,,,,,,
G0834864.JPG,06-05-16,7,2,,,,30,,,50,,,,,,,
G0834869.JPG,06-05-16,7,2,,,,30,,,50,,,,,,,
G0834873.JPG,06-05-16,7,2,,,,30,,,50,,,,,,,
G0844877.JPG,06-05-16,7,3,,,,30,,,50,,,,,,,
G0844883.JPG,06-05-16,7,3,,,,30,,,50,,,,,,,
G0844887.JPG,06-05-16,7,3,,,,30,,,50,,,,,,,
G0844891.JPG,06-05-16,7,3,,,,30,,,50,,,,,,,
G0844899.JPG,06-05-16,7,3,,,,30,,,50,,,,,,,
G0844904.JPG,06-05-16,7,3,,,,30,,,50,,,,,,,
G0844912.JPG,06-05-16,7,3,,,,30,,,50,,,,,,,
G0844918.JPG,06-05-16,7,3,,,,30,,,50,,,,,,,
G0844924.JPG,06-05-16,7,3,,,,30,,,50,,,,,,,
G0844926.JPG,06-05-16,7,3,,,,30,,,50,,,,,,,
G0854932.JPG,06-05-16,7,4,,,,30,,,50,,,,,,,
G0854937.JPG,06-05-16,7,4,,,,30,,,50,,,,,,,
G0854941.JPG,06-05-16,7,4,,,,30,,,50,,,,,,,
G0854944.JPG,06-05-16,7,4,,,,30,,,50,,,,,,,
G0854948.JPG,06-05-16,7,4,,,,30,,,50,,,,,,,
G0854951.JPG,06-05-16,7,4,,,,30,,,50,,,,,,,
G0854956.JPG,06-05-16,7,4,,,,30,,,50,,,,,,,
G0854959.JPG,06-05-16,7,4,,,,30,,,50,,,,,,,
G0854963.JPG,06-05-16,7,4,,,,30,,,50,,,,,,,
G0854966.JPG,06-05-16,7,4,,,,30,,,50,,,,,,,
G0864975.JPG,06-09-16,8,1,,,,30,,,35,,,,,,,
G0864980.JPG,06-09-16,8,1,,,,30,,,35,,,,,,,
G0864984.JPG,06-09-16,8,1,,,,30,,,35,,,,,,,
G0864987.JPG,06-09-16,8,1,,,,30,,,35,,,,,,,
G0864992.JPG,06-09-16,8,1,,,,30,,,35,,,,,,,
G0864997.JPG,06-09-16,8,1,,,,30,,,35,,,,,,,
G0865000.JPG,06-09-16,8,1,,,,30,,,35,,,,,,,
G0865005.JPG,06-09-16,8,1,,,,30,,,35,,,,,,,
G0865008.JPG,06-09-16,8,1,,,,30,,,35,,,,,,,
G0865017.JPG,06-09-16,8,1,,,,30,,,35,,,,,,,
G0875025.JPG,06-09-16,8,2,,,,30,,,35,,,,,,,
G0875029.JPG,06-09-16,8,2,,,,30,,,35,,,,,,,
G0875034.JPG,06-09-16,8,2,,,,30,,,35,,,,,,,
G0875041.JPG,06-09-16,8,2,,,,30,,,35,,,,,,,
G0875048.JPG,06-09-16,8,2,,,,30,,,35,,,,,,,
G0875055.JPG,06-09-16,8,2,,,,30,,,35,,,,,,,
G0875060.JPG,06-09-16,8,2,,,,30,,,35,,,,,,,
G0875065.JPG,06-09-16,8,2,,,,30,,,35,,,,,,,
G0875071.JPG,06-09-16,8,2,,,,30,,,35,,,,,,,
G0875074.JPG,06-09-16,8,2,,,,30,,,35,,,,,,,
G0885079.JPG,06-09-16,8,3,,,,30,,,35,,,,,,,
G0885087.JPG,06-09-16,8,3,,,,30,,,35,,,,,,,
G0885090.JPG,06-09-16,8,3,,,,30,,,35,,,,,,,
G0885094.JPG,06-09-16,8,3,,,,30,,,35,,,,,,,
G0885099.JPG,06-09-16,8,3,,,,30,,,35,,,,,,,
G0885103.JPG,06-09-16,8,3,,,,30,,,35,,,,,,,
G0885106.JPG,06-09-16,8,3,,,,30,,,35,,,,,,,
G0885109.JPG,06-09-16,8,3,,,,30,,,35,,,,,,,
G0885115.JPG,06-09-16,8,3,,,,30,,,35,,,,,,,
G0885118.JPG,06-09-16,8,3,,,,30,,,35,,,,,,,
G0895125.JPG,06-09-16,8,4,,,,30,,,35,,,,,,,
G0895128.JPG,06-09-16,8,4,,,,30,,,35,,,,,,,
G0895134.JPG,06-09-16,8,4,,,,30,,,35,,,,,,,
G0895138.JPG,06-09-16,8,4,,,,30,,,35,,,,,,,
G0895141.JPG,06-09-16,8,4,,,,30,,,35,,,,,,,
G0895145.JPG,06-09-16,8,4,,,,30,,,35,,,,,,,
G0895150.JPG,06-09-16,8,4,,,,30,,,35,,,,,,,
G0895153.JPG,06-09-16,8,4,,,,30,,,35,,,,,,,
G0895156.JPG,06-09-16,8,4,,,,30,,,35,,,,,,,
G0895163.JPG,06-09-16,8,4,,,,30,,,35,,,,,,,
G0905169.JPG,06-09-16,9,1,,,,30,,,32,,,,,,,
G0905172.JPG,06-09-16,9,1,,,,30,,,32,,,,,,,
G0905177.JPG,06-09-16,9,1,,,,30,,,32,,,,,,,
G0905183.JPG,06-09-16,9,1,,,,30,,,32,,,,,,,
G0905189.JPG,06-09-16,9,1,,,,30,,,32,,,,,,,
G0905193.JPG,06-09-16,9,1,,,,30,,,32,,,,,,,
G0905198.JPG,06-09-16,9,1,,,,30,,,32,,,,,,,
G0905201.JPG,06-09-16,9,1,,,,30,,,32,,,,,,,
G0905205.JPG,06-09-16,9,1,,,,30,,,32,,,,,,,
G0905207.JPG,06-09-16,9,1,,,,30,,,32,,,,,,,
G0915215.JPG,06-09-16,9,2,,,,30,,,32,,,,,,,
G0915218.JPG,06-09-16,9,2,,,,30,,,32,,,,,,,
G0915222.JPG,06-09-16,9,2,,,,30,,,32,,,,,,,
G0915226.JPG,06-09-16,9,2,,,,30,,,32,,,,,,,
G0915230.JPG,06-09-16,9,2,,,,30,,,32,,,,,,,
G0915234.JPG,06-09-16,9,2,,,,30,,,32,,,,,,,
G0915237.JPG,06-09-16,9,2,,,,30,,,32,,,,,,,
G0915241.JPG,06-09-16,9,2,,,,30,,,32,,,,,,,
G0915251.JPG,06-09-16,9,2,,,,30,,,32,,,,,,,
G0915258.JPG,06-09-16,9,2,,,,30,,,32,,,,,,,
G0925266.JPG,06-09-16,9,3,,,,30,,,32,,,,,,,
G0925269.JPG,06-09-16,9,3,,,,30,,,32,,,,,,,
G0925277.JPG,06-09-16,9,3,,,,30,,,32,,,,,,,
G0925280.JPG,06-09-16,9,3,,,,30,,,32,,,,,,,
G0925290.JPG,06-09-16,9,3,,,,30,,,32,,,,,,,
G0925294.JPG,06-09-16,9,3,,,,30,,,32,,,,,,,
G0925298.JPG,06-09-16,9,3,,,,30,,,32,,,,,,,
G0925304.JPG,06-09-16,9,3,,,,30,,,32,,,,,,,
G0925309.JPG,06-09-16,9,3,,,,30,,,32,,,,,,,
G0925312.JPG,06-09-16,9,3,,,,30,,,32,,,,,,,
G0935318.JPG,06-09-16,9,4,,,,30,,,32,,,,,,,
G0935321.JPG,06-09-16,9,4,,,,30,,,32,,,,,,,
G0935328.JPG,06-09-16,9,4,,,,30,,,32,,,,,,,
G0935334.JPG,06-09-16,9,4,,,,30,,,32,,,,,,,
G0935339.JPG,06-09-16,9,4,,,,30,,,32,,,,,,,
G0935344.JPG,06-09-16,9,4,,,,30,,,32,,,,,,,
G0935348.JPG,06-09-16,9,4,,,,30,,,32,,,,,,,
G0935356.JPG,06-09-16,9,4,,,,30,,,32,,,,,,,
G0935362.JPG,06-09-16,9,4,,,,30,,,32,,,,,,,
G0935366.JPG,06-09-16,9,4,,,,30,,,32,,,,,,,
G0945370.JPG,06-10-16,10,1,,,,30,,,44,,,,,,,
G0945377.JPG,06-10-16,10,1,,,,30,,,44,,,,,,,
G0945384.JPG,06-10-16,10,1,,,,30,,,44,,,,,,,
G0945389.JPG,06-10-16,10,1,,,,30,,,44,,,,,,,
G0945394.JPG,06-10-16,10,1,,,,30,,,44,,,,,,,
G0945400.JPG,06-10-16,10,1,,,,30,,,44,,,,,,,
G0945404.JPG,06-10-16,10,1,,,,30,,,44,,,,,,,
G0945408.JPG,06-10-16,10,1,,,,30,,,44,,,,,,,
G0945415.JPG,06-10-16,10,1,,,,30,,,44,,,,,,,
G0945418.JPG,06-10-16,10,1,,,,30,,,44,,,,,,,
G0955422.JPG,06-10-16,10,2,,,,30,,,44,,,,,,,
G0955426.JPG,06-10-16,10,2,,,,30,,,44,,,,,,,
G0955431.JPG,06-10-16,10,2,,,,30,,,44,,,,,,,
G0955435.JPG,06-10-16,10,2,,,,30,,,44,,,,,,,
G0955441.JPG,06-10-16,10,2,,,,30,,,44,,,,,,,
G0955449.JPG,06-10-16,10,2,,,,30,,,44,,,,,,,
G0955455.JPG,06-10-16,10,2,,,,30,,,44,,,,,,,
G0955460.JPG,06-10-16,10,2,,,,30,,,44,,,,,,,
G0955469.JPG,06-10-16,10,2,,,,30,,,44,,,,,,,
G0955474.JPG,06-10-16,10,2,,,,30,,,44,,,,,,,
G0965480.JPG,06-10-16,10,3,,,,30,,,44,,,,,,,
G0965486.JPG,06-10-16,10,3,,,,30,,,44,,,,,,,
G0965492.JPG,06-10-16,10,3,,,,30,,,44,,,,,,,
G0965502.JPG,06-10-16,10,3,,,,30,,,44,,,,,,,
G0965506.JPG,06-10-16,10,3,,,,30,,,44,,,,,,,
G0965510.JPG,06-10-16,10,3,,,,30,,,44,,,,,,,
G0965515.JPG,06-10-16,10,3,,,,30,,,44,,,,,,,
G0965519.JPG,06-10-16,10,3,,,,30,,,44,,,,,,,
G0965525.JPG,06-10-16,10,3,,,,30,,,44,,,,,,,
G0965529.JPG,06-10-16,10,3,,,,30,,,44,,,,,,,
G1005711.JPG,06-12-16,10,4,,,,30,,,39,,,,,,,
G1005715.JPG,06-12-16,10,4,,,,30,,,39,,,,,,,
G1005718.JPG,06-12-16,10,4,,,,30,,,39,,,,,,,
G1005728.JPG,06-12-16,10,4,,,,30,,,39,,,,,,,
G1005736.JPG,06-12-16,10,4,,,,30,,,39,,,,,,,
G1005741.JPG,06-12-16,10,4,,,,30,,,39,,,,,,,
G1005747.JPG,06-12-16,10,4,,,,30,,,39,,,,,,,
G1005750.JPG,06-12-16,10,4,,,,30,,,39,,,,,,,
G1005753.JPG,06-12-16,10,4,,,,30,,,39,,,,,,,
G1005757.JPG,06-12-16,10,4,,,,30,,,39,,,,,,,
G1005766.JPG,06-12-16,10,4,,,,30,,,39,,,,,,,
G1015772.JPG,06-12-16,10,5,,,,30,,,39,,,,,,,
G1015777.JPG,06-12-16,10,5,,,,30,,,39,,,,,,,
G1015782.JPG,06-12-16,10,5,,,,30,,,39,,,,,,,
G1015785.JPG,06-12-16,10,5,,,,30,,,39,,,,,,,
G1015790.JPG,06-12-16,10,5,,,,30,,,39,,,,,,,
G1015796.JPG,06-12-16,10,5,,,,30,,,39,,,,,,,
G1015800.JPG,06-12-16,10,5,,,,30,,,39,,,,,,,
G1015806.JPG,06-12-16,10,5,,,,30,,,39,,,,,,,
G1015810.JPG,06-12-16,10,5,,,,30,,,39,,,,,,,
G1015819.JPG,06-12-16,10,5,,,,30,,,39,,,,,,,
G1025825.JPG,06-12-16,10,6,,,,30,,,39,,,,,,,
G1025827.JPG,06-12-16,10,6,,,,30,,,39,,,,,,,
G1025832.JPG,06-12-16,10,6,,,,30,,,39,,,,,,,
G1025840.JPG,06-12-16,10,6,,,,30,,,39,,,,,,,
G1025845.JPG,06-12-16,10,6,,,,30,,,39,,,,,,,
G1025852.JPG,06-12-16,10,6,,,,30,,,39,,,,,,,
G1025858.JPG,06-12-16,10,6,,,,30,,,39,,,,,,,
G1025865.JPG,06-12-16,10,6,,,,30,,,39,,,,,,,
G1025870.JPG,06-12-16,10,6,,,,30,,,39,,,,,,,
G1025878.JPG,06-12-16,10,6,,,,30,,,39,,,,,,,
G0975539.JPG,06-11-16,11,1,,,,30,,,40,,,,,,,
G0975549.JPG,06-11-16,11,1,,,,30,,,40,,,,,,,
G0975552.JPG,06-11-16,11,1,,,,30,,,40,,,,,,,
G0975558.JPG,06-11-16,11,1,,,,30,,,40,,,,,,,
G0975562.JPG,06-11-16,11,1,,,,30,,,40,,,,,,,
G0975566.JPG,06-11-16,11,1,,,,30,,,40,,,,,,,
G0975569.JPG,06-11-16,11,1,,,,30,,,40,,,,,,,
G0975573.JPG,06-11-16,11,1,,,,30,,,40,,,,,,,
G0975577.JPG,06-11-16,11,1,,,,30,,,40,,,,,,,
G0975591.JPG,06-11-16,11,1,,,,30,,,40,,,,,,,
G0985597.JPG,06-11-16,11,2,,,,30,,,40,,,,,,,
G0985610.JPG,06-11-16,11,2,,,,30,,,40,,,,,,,
G0985613.JPG,06-11-16,11,2,,,,30,,,40,,,,,,,
G0985620.JPG,06-11-16,11,2,,,,30,,,40,,,,,,,
G0985625.JPG,06-11-16,11,2,,,,30,,,40,,,,,,,
G0985629.JPG,06-11-16,11,2,,,,30,,,40,,,,,,,
G0985630.JPG,06-11-16,11,2,,,,30,,,40,,,,,,,
G0985637.JPG,06-11-16,11,2,,,,30,,,40,,,,,,,
G0985640.JPG,06-11-16,11,2,,,,30,,,40,,,,,,,
G0985644.JPG,06-11-16,11,2,,,,30,,,40,,,,,,,
G0995657.JPG,06-11-16,11,3,,,,30,,,40,,,,,,,
G0995662.JPG,06-11-16,11,3,,,,30,,,40,,,,,,,
G0995666.JPG,06-11-16,11,3,,,,30,,,40,,,,,,,
G0995670.JPG,06-11-16,11,3,,,,30,,,40,,,,,,,
G0995676.JPG,06-11-16,11,3,,,,30,,,40,,,,,,,
G0995678.JPG,06-11-16,11,3,,,,30,,,40,,,,,,,
G0995683.JPG,06-11-16,11,3,,,,30,,,40,,,,,,,
G0995691.JPG,06-11-16,11,3,,,,30,,,40,,,,,,,
G0995694.JPG,06-11-16,11,3,,,,30,,,40,,,,,,,
G0995698.JPG,06-11-16,11,3,,,,30,,,40,,,,,,,
G1035891.JPG,06-12-16,11,4,,,,30,,,39,,,,,,,
G1035898.JPG,06-12-16,11,4,,,,30,,,39,,,,,,,
G1035902.JPG,06-12-16,11,4,,,,30,,,39,,,,,,,
G1035905.JPG,06-12-16,11,4,,,,30,,,39,,,,,,,
G1035911.JPG,06-12-16,11,4,,,,30,,,39,,,,,,,
G1035915.JPG,06-12-16,11,4,,,,30,,,39,,,,,,,
G1035918.JPG,06-12-16,11,4,,,,30,,,39,,,,,,,
G1035922.JPG,06-12-16,11,4,,,,30,,,39,,,,,,,
G1035926.JPG,06-12-16,11,4,,,,30,,,39,,,,,,,
G1035932.JPG,06-12-16,11,4,,,,30,,,39,,,,,,,
G1045937.JPG,06-12-16,11,5,,,,30,,,39,,,,,,,
G1045948.JPG,06-12-16,11,5,,,,30,,,39,,,,,,,
G1045955.JPG,06-12-16,11,5,,,,30,,,39,,,,,,,
G1045960.JPG,06-12-16,11,5,,,,30,,,39,,,,,,,
G1045964.JPG,06-12-16,11,5,,,,30,,,39,,,,,,,
G1045969.JPG,06-12-16,11,5,,,,30,,,39,,,,,,,
G1045973.JPG,06-12-16,11,5,,,,30,,,39,,,,,,,
G1045977.JPG,06-12-16,11,5,,,,30,,,39,,,,,,,
G1045982.JPG,06-12-16,11,5,,,,30,,,39,,,,,,,
G1045984.JPG,06-12-16,11,5,,,,30,,,39,,,,,,,
G1055990.JPG,06-12-16,11,6,,,,30,,,39,,,,,,,
G1055993.JPG,06-12-16,11,6,,,,30,,,39,,,,,,,
G1055998.JPG,06-12-16,11,6,,,,30,,,39,,,,,,,
G1056005.JPG,06-12-16,11,6,,,,30,,,39,,,,,,,
G1056011.JPG,06-12-16,11,6,,,,30,,,39,,,,,,,
G1056015.JPG,06-12-16,11,6,,,,30,,,39,,,,,,,
G1056021.JPG,06-12-16,11,6,,,,30,,,39,,,,,,,
G1056029.JPG,06-12-16,11,6,,,,30,,,39,,,,,,,
G1056034.JPG,06-12-16,11,6,,,,30,,,39,,,,,,,
G1056041.JPG,06-12-16,11,6,,,,30,,,39,,,,,,,
G1106244.JPG,6/14/2016,12,1,,,,30,,,53,,,,,,,
G1106249.JPG,6/14/2016,12,1,,,,30,,,53,,,,,,,
G1106257.JPG,6/14/2016,12,1,,,,30,,,53,,,,,,,
G1106260.JPG,6/14/2016,12,1,,,,30,,,53,,,,,,,
G1106263.JPG,6/14/2016,12,1,,,,30,,,53,,,,,,,
G1106267.JPG,6/14/2016,12,1,,,,30,,,53,,,,,,,
G1106270.JPG,6/14/2016,12,1,,,,30,,,53,,,,,,,
G1106274.JPG,6/14/2016,12,1,,,,30,,,53,,,,,,,
G1106277.JPG,6/14/2016,12,1,,,,30,,,53,,,,,,,
G1106284.JPG,6/14/2016,12,1,,,,30,,,53,,,,,,,
G1116297.JPG,6/14/2016,12,2,,,,30,,,53,,,,,,,
G1116301.JPG,6/14/2016,12,2,,,,30,,,53,,,,,,,
G1116310.JPG,6/14/2016,12,2,,,,30,,,53,,,,,,,
G1116315.JPG,6/14/2016,12,2,,,,30,,,53,,,,,,,
G1116318.JPG,6/14/2016,12,2,,,,30,,,53,,,,,,,
G1116324.JPG,6/14/2016,12,2,,,,30,,,53,,,,,,,
G1116328.JPG,6/14/2016,12,2,,,,30,,,53,,,,,,,
G1116333.JPG,6/14/2016,12,2,,,,30,,,53,,,,,,,
G1116338.JPG,6/14/2016,12,2,,,,30,,,53,,,,,,,
G1116341.JPG,6/14/2016,12,2,,,,30,,,53,,,,,,,
G1126351.JPG,6/14/2016,12,3,,,,30,,,53,,,,,,,
G1126356.JPG,6/14/2016,12,3,,,,30,,,53,,,,,,,
G1126362.JPG,6/14/2016,12,3,,,,30,,,53,,,,,,,
G1126367.JPG,6/14/2016,12,3,,,,30,,,53,,,,,,,
G1126374.JPG,6/14/2016,12,3,,,,30,,,53,,,,,,,
G1126378.JPG,6/14/2016,12,3,,,,30,,,53,,,,,,,
G1126381.JPG,6/14/2016,12,3,,,,30,,,53,,,,,,,
G1126386.JPG,6/14/2016,12,3,,,,30,,,53,,,,,,,
G1126390.JPG,6/14/2016,12,3,,,,30,,,53,,,,,,,
G1126395.JPG,6/14/2016,12,3,,,,30,,,53,,,,,,,
